<?xml version="1.0" ?>
<interface xmlns="http://zero-install.sourceforge.net/2004/injector/interface">
  <name>e-core</name>
  <summary>secure distributed pure-object language</summary>
  <description>
E is a scripting language designed for writing secure distributed programs.</description>
  <homepage>http://erights.org</homepage>
  <category>Development</category>
  <feed-for interface='http://repo.roscidus.com/e/e-core'/>
  <needs-terminal/>
  <implementation id=".." main="rune" version="0.9.2-post5-post">
    <environment insert="/" mode="replace" name="EHOME"/>
    <requires interface="http://repo.roscidus.com/java/openjdk-6-jre">
      <environment insert="bin/" mode="replace" name="RUNE_JRE_BIN"/>
    </requires>
  </implementation>
</interface>
